UniProt_ID,PTM,Residue,Position
P62784,Methylation,,21
P09493,Methylation,,160
P00505,Methylation,K,150
P04406,Methylation,K,5
P04406,Methylation,K,66
P04406,Methylation,K,194
P04406,Methylation,K,215
P04406,Methylation,K,227
P04406,Methylation,K,260
P04406,Methylation,K,263
P04406,Methylation,K,334
P02768,Methylation,,558
P05141,Methylation,K,10
P05141,Methylation,K,43
P05141,Methylation,K,52
P05141,Methylation,K,147
P05141,Methylation,R,155
P05141,Methylation,K,166
P05141,Methylation,K,272
O95831,Methylation,,569
P08670,Methylation,,4
P08670,Methylation,,12
P08670,Methylation,,13
P08670,Methylation,,23
P08670,Methylation,,28
P08670,Methylation,,36
P08670,Methylation,,45
P08670,Methylation,,50
P08670,Methylation,,64
P08670,Methylation,,69
P08670,Methylation,,71
P08670,Methylation,,113
P08670,Methylation,,158
P08670,Methylation,,184
P08670,Methylation,,401
P08670,Methylation,,410
P08670,Methylation,,445
P08238,Methylation,,177
P08238,Methylation,,186
P08238,Methylation,,275
P08238,Methylation,,286
P08238,Methylation,,291
P08238,Methylation,,435
P08238,Methylation,,475
P08238,Methylation,,506
P08238,Methylation,,559
P08238,Methylation,,565
P08238,Methylation,,623
P08238,Methylation,,639
P07900,Methylation,,191
P07900,Methylation,,283
P07900,Methylation,,294
P07900,Methylation,,299
P07900,Methylation,,345
P07900,Methylation,,355
P07900,Methylation,,443
P07900,Methylation,,464
P07900,Methylation,,489
P07900,Methylation,,510
P07900,Methylation,,573
P07900,Methylation,,615
P04075,Methylation,K,294
P07355,Methylation,,227
P07355,Methylation,,313
P07195,Methylation,,119
P07195,Methylation,,158
P07195,Methylation,,172
P08559,Methylation,,245
P08559,Methylation,,385
P00558,Methylation,K,30
P00558,Methylation,R,39
P00558,Methylation,R,123
P00558,Methylation,K,191
P00558,Methylation,R,365
P40926,Methylation,,257
P14618,Methylation,,92
P14618,Methylation,,255
P14618,Methylation,,278
P14618,Methylation,,319
P14618,Methylation,,467
P16615,Methylation,,164
P16615,Methylation,,523
P16615,Methylation,,549
P11142,Methylation,,246
P11142,Methylation,,469
P11142,Methylation,,557
P11142,Methylation,,561
P11142,Methylation,,567
P11142,Methylation,,569
P11142,Methylation,,601
P13639,Methylation,,272
P13639,Methylation,,407
P13639,Methylation,,445
P13639,Methylation,,525
P13639,Methylation,,594
P21796,Methylation,,163
P21796,Methylation,,174
P12235,Methylation,,147
P12235,Methylation,,272
P10809,Methylation,,3
P10809,Methylation,,141
P10809,Methylation,,221
P10809,Methylation,,516
P13647,Methylation,,72
P13647,Methylation,,178
P13647,Methylation,,199
P13647,Methylation,,257
P30086,Methylation,,129
P35579,Methylation,,165
P35579,Methylation,,299
P35579,Methylation,,651
P35579,Methylation,,711
P35579,Methylation,,923
P35579,Methylation,,1000
P35579,Methylation,,1162
P35579,Methylation,,1445
P35579,Methylation,,1918
P35579,Methylation,,1920
P35579,Methylation,,1923
P18206,Methylation,,409
P18206,Methylation,,512
P18206,Methylation,,622
P18206,Methylation,,993
P18206,Methylation,,1003
P21399,Methylation,,713
P21399,Methylation,,721
P38646,Methylation,,218
P38646,Methylation,,307
P38646,Methylation,,360
P38646,Methylation,,405
P38646,Methylation,,513
P38646,Methylation,,624
P38646,Methylation,,653
P60709,Methylation,,50
P60709,Methylation,,68
P60709,Methylation,,73
P60709,Methylation,,84
P50395,Methylation,,112
P60174,Methylation,,51
P60174,Methylation,,106
P60174,Methylation,,137
P60174,Methylation,,172
P60174,Methylation,,231
P68371,Methylation,,19
P68133,Methylation,,86
P62937,Methylation,,49
P62937,Methylation,,91
P62937,Methylation,,125
Q15435,Methylation,,54
Q15435,Methylation,,76
Q5SXM2,Methylation,,1300
